,AAA,AAT,AAC,AAG,ATA,ATT,ATC,ATG,ACA,ACT,ACC,ACG,AGA,AGT,AGC,AGG,TAA,TAT,TAC,TAG,TTA,TTT,TTC,TTG,TCA,TCT,TCC,TCG,TGA,TGT,TGC,TGG,CAA,CAT,CAC,CAG,CTA,CTT,CTC,CTG,CCA,CCT,CCC,CCG,CGA,CGT,CGC,CGG,GAA,GAT,GAC,GAG,GTA,GTT,GTC,GTG,GCA,GCT,GCC,GCG,GGA,GGT,GGC,GGG,AAA,AAT,AAC,AAG,ATA,ATT,ATC,ATG,ACA,ACT,ACC,ACG,AGA,AGT,AGC,AGG,TAA,TAT,TAC,TAG,TTA,TTT,TTC,TTG,TCA,TCT,TCC,TCG,TGA,TGT,TGC,TGG,CAA,CAT,CAC,CAG,CTA,CTT,CTC,CTG,CCA,CCT,CCC,CCG,CGA,CGT,CGC,CGG,GAA,GAT,GAC,GAG,GTA,GTT,GTC,GTG,GCA,GCT,GCC,GCG,GGA,GGT,GGC,GGG
Lactococcus_phage,0.104802623,0.097115768,0.07392229,0.081631297,0.068561428,0.085840237,0.033959506,0.064928448,0.06036507,0.05768464,0.02512073,0.033649373,0.067896859,0.049909175,0.043817288,0.030570201,0.089827655,0.074675469,0.045722387,0.0429755,0.091001728,0.070045634,0.052213017,0.070510832,0.053497851,0.038345665,0.016547783,0.017456028,0.064485402,0.040738115,0.03218732,0.049709805,0.080169244,0.034912055,0.023237783,0.040826725,0.051016791,0.067919011,0.018275663,0.031411989,0.025475167,0.02177573,0.008129901,0.009038146,0.023525763,0.019937087,0.018386425,0.016503478,0.082694608,0.045567321,0.03677285,0.028908777,0.043617917,0.059966328,0.022395995,0.021465597,0.036972221,0.049820566,0.014620531,0.018386425,0.035886757,0.035665234,0.025231492,0.012427451,0.104802623,0.097115768,0.07392229,0.081631297,0.068561428,0.085840237,0.033959506,0.064928448,0.06036507,0.05768464,0.02512073,0.033649373,0.067896859,0.049909175,0.043817288,0.030570201,0.089827655,0.074675469,0.045722387,0.0429755,0.091001728,0.070045634,0.052213017,0.070510832,0.053497851,0.038345665,0.016547783,0.017456028,0.064485402,0.040738115,0.03218732,0.049709805,0.080169244,0.034912055,0.023237783,0.040826725,0.051016791,0.067919011,0.018275663,0.031411989,0.025475167,0.02177573,0.008129901,0.009038146,0.023525763,0.019937087,0.018386425,0.016503478,0.082694608,0.045567321,0.03677285,0.028908777,0.043617917,0.059966328,0.022395995,0.021465597,0.036972221,0.049820566,0.014620531,0.018386425,0.035886757,0.035665234,0.025231492,0.012427451
KM38KM389305.1 UNVERIFIED: Escherichia phage CBA6 clone9305.1,0.058252427,0.073942007,0.055707733,0.057182683,0.051526006,0.066388965,0.066486215,0.074590337,0.048543689,0.031962656,0.037441043,0.038510787,0.051866379,0.028364426,0.032529945,0.035544678,0.038008331,0.058916965,0.029725919,0.01624066,0.040812357,0.048673355,0.067410085,0.067102128,0.069695447,0.049013728,0.041979351,0.042271099,0.070943482,0.04927306,0.041039273,0.063698397,0.071672853,0.058641425,0.031865407,0.046631117,0.020552053,0.048835438,0.030617372,0.049840349,0.051785338,0.032238196,0.024847237,0.032967567,0.041136522,0.041071689,0.032286821,0.03128191,0.077151239,0.066761755,0.039450865,0.029871793,0.030714621,0.060100167,0.039418448,0.034653225,0.038494578,0.035658136,0.037570708,0.031606075,0.047684652,0.044945459,0.037894873,0.029888001,0.058252427,0.073942007,0.055707733,0.057182683,0.051526006,0.066388965,0.066486215,0.074590337,0.048543689,0.031962656,0.037441043,0.038510787,0.051866379,0.028364426,0.032529945,0.035544678,0.038008331,0.058916965,0.029725919,0.01624066,0.040812357,0.048673355,0.067410085,0.067102128,0.069695447,0.049013728,0.041979351,0.042271099,0.070943482,0.04927306,0.041039273,0.063698397,0.071672853,0.058641425,0.031865407,0.046631117,0.020552053,0.048835438,0.030617372,0.049840349,0.051785338,0.032238196,0.024847237,0.032967567,0.041136522,0.041071689,0.032286821,0.03128191,0.077151239,0.066761755,0.039450865,0.029871793,0.030714621,0.060100167,0.039418448,0.034653225,0.038494578,0.035658136,0.037570708,0.031606075,0.047684652,0.044945459,0.037894873,0.029888001
NC_028697.1,0.089741719,0.082460236,0.056690501,0.071632862,0.055771195,0.074478331,0.050328323,0.078943528,0.060586604,0.040580768,0.034364512,0.024383482,0.065825186,0.043221947,0.051072523,0.044360134,0.067999416,0.068597694,0.046154969,0.041587626,0.074040566,0.062498176,0.026368014,0.07678389,0.053188385,0.037078652,0.018911426,0.01343937,0.073719539,0.043659711,0.045760981,0.063505034,0.081964103,0.043280315,0.026776594,0.053130016,0.049467387,0.048956661,0.02152342,0.037866628,0.037633153,0.023580913,0.011250547,0.012622209,0.017452211,0.019422151,0.017029038,0.014198161,0.060820079,0.064190865,0.03278856,0.039034,0.046038231,0.053757478,0.024719101,0.03265723,0.051247629,0.056252736,0.020560339,0.01758354,0.038946447,0.051262221,0.031854662,0.019816139,0.089741719,0.082460236,0.056690501,0.071632862,0.055771195,0.074478331,0.050328323,0.078943528,0.060586604,0.040580768,0.034364512,0.024383482,0.065825186,0.043221947,0.051072523,0.044360134,0.067999416,0.068597694,0.046154969,0.041587626,0.074040566,0.062498176,0.026368014,0.07678389,0.053188385,0.037078652,0.018911426,0.01343937,0.073719539,0.043659711,0.045760981,0.063505034,0.081964103,0.043280315,0.026776594,0.053130016,0.049467387,0.048956661,0.02152342,0.037866628,0.037633153,0.023580913,0.011250547,0.012622209,0.017452211,0.019422151,0.017029038,0.014198161,0.060820079,0.064190865,0.03278856,0.039034,0.046038231,0.053757478,0.024719101,0.03265723,0.051247629,0.056252736,0.020560339,0.01758354,0.038946447,0.051262221,0.031854662,0.019816139
KC821626.1,0.111886359,0.120472112,0.041362022,0.068706915,0.086505118,0.112157928,0.035136829,0.074012952,0.035763526,0.034092333,0.020806351,0.018341341,0.074764989,0.050449133,0.03724671,0.047064968,0.120451222,0.091644036,0.045811573,0.08381032,0.131439315,0.09991644,0.037580948,0.04879883,0.026968874,0.0395446,0.013035304,0.007583037,0.062272822,0.045895133,0.035763526,0.051577188,0.034677251,0.022581993,0.013390432,0.044453729,0.056841446,0.037601838,0.005222478,0.036494673,0.017150616,0.021788176,0.006016294,0.008021726,0.00691456,0.015959891,0.010173386,0.016753708,0.075433466,0.075454356,0.008878212,0.01395446,0.064570712,0.068059327,0.009525799,0.036118655,0.0347817,0.040401086,0.013118864,0.015855442,0.028368498,0.066053896,0.02097347,0.018341341,0.111886359,0.120472112,0.041362022,0.068706915,0.086505118,0.112157928,0.035136829,0.074012952,0.035763526,0.034092333,0.020806351,0.018341341,0.074764989,0.050449133,0.03724671,0.047064968,0.120451222,0.091644036,0.045811573,0.08381032,0.131439315,0.09991644,0.037580948,0.04879883,0.026968874,0.0395446,0.013035304,0.007583037,0.062272822,0.045895133,0.035763526,0.051577188,0.034677251,0.022581993,0.013390432,0.044453729,0.056841446,0.037601838,0.005222478,0.036494673,0.017150616,0.021788176,0.006016294,0.008021726,0.00691456,0.015959891,0.010173386,0.016753708,0.075433466,0.075454356,0.008878212,0.01395446,0.064570712,0.068059327,0.009525799,0.036118655,0.0347817,0.040401086,0.013118864,0.015855442,0.028368498,0.066053896,0.02097347,0.018341341
coronavirus,0.065498083,0.078394241,0.060255106,0.058392675,0.04462008,0.076891776,0.033461147,0.074591126,0.074387667,0.066421473,0.039564911,0.016214101,0.056968464,0.05017607,0.030017998,0.031880429,0.07075671,0.058470929,0.060975037,0.040519602,0.084951874,0.070459347,0.053118397,0.082557321,0.057484936,0.050473433,0.022051804,0.011190234,0.062602708,0.081680883,0.054464356,0.056718053,0.072306127,0.0485484,0.044651381,0.044197512,0.05340011,0.072744346,0.028108616,0.050363878,0.037358166,0.035433132,0.010830268,0.007574928,0.00948431,0.017215745,0.010219892,0.00762188,0.053979185,0.044025354,0.032897723,0.028280773,0.04785977,0.07099147,0.027639095,0.050692542,0.038281556,0.051162063,0.018749511,0.009546913,0.027795602,0.045371312,0.023053447,0.011831912,0.065498083,0.078394241,0.060255106,0.058392675,0.04462008,0.076891776,0.033461147,0.074591126,0.074387667,0.066421473,0.039564911,0.016214101,0.056968464,0.05017607,0.030017998,0.031880429,0.07075671,0.058470929,0.060975037,0.040519602,0.084951874,0.070459347,0.053118397,0.082557321,0.057484936,0.050473433,0.022051804,0.011190234,0.062602708,0.081680883,0.054464356,0.056718053,0.072306127,0.0485484,0.044651381,0.044197512,0.05340011,0.072744346,0.028108616,0.050363878,0.037358166,0.035433132,0.010830268,0.007574928,0.00948431,0.017215745,0.010219892,0.00762188,0.053979185,0.044025354,0.032897723,0.028280773,0.04785977,0.07099147,0.027639095,0.050692542,0.038281556,0.051162063,0.018749511,0.009546913,0.027795602,0.045371312,0.023053447,0.011831912
adenovirus,0.050821076,0.049381275,0.05207928,0.051664202,0.028666303,0.043609101,0.041676395,0.061937375,0.05043194,0.046631385,0.052131165,0.030287701,0.054076841,0.040275508,0.046929722,0.043635043,0.03490544,0.033063533,0.043038369,0.025332711,0.038394687,0.047150232,0.051521519,0.051793914,0.047137261,0.046475731,0.048460321,0.028225283,0.045930941,0.044102005,0.060108439,0.064804005,0.06012141,0.051352894,0.042143357,0.062559992,0.03633227,0.056294913,0.041053779,0.059005889,0.062637819,0.048382494,0.037538589,0.039250785,0.031766415,0.028251226,0.044270631,0.035463201,0.058097906,0.04194879,0.042740032,0.045762316,0.033076504,0.041806107,0.036656549,0.042714089,0.055451786,0.050587594,0.049679612,0.042649233,0.056385711,0.041118634,0.046397904,0.032350118,0.050821076,0.049381275,0.05207928,0.051664202,0.028666303,0.043609101,0.041676395,0.061937375,0.05043194,0.046631385,0.052131165,0.030287701,0.054076841,0.040275508,0.046929722,0.043635043,0.03490544,0.033063533,0.043038369,0.025332711,0.038394687,0.047150232,0.051521519,0.051793914,0.047137261,0.046475731,0.048460321,0.028225283,0.045930941,0.044102005,0.060108439,0.064804005,0.06012141,0.051352894,0.042143357,0.062559992,0.03633227,0.056294913,0.041053779,0.059005889,0.062637819,0.048382494,0.037538589,0.039250785,0.031766415,0.028251226,0.044270631,0.035463201,0.058097906,0.04194879,0.042740032,0.045762316,0.033076504,0.041806107,0.036656549,0.042714089,0.055451786,0.050587594,0.049679612,0.042649233,0.056385711,0.041118634,0.046397904,0.032350118
U18337.1,0.073400794,0.112116056,0.050237306,0.037282469,0.115877138,0.106952031,0.069341214,0.082803498,0.062087699,0.045879227,0.023103788,0.029372258,0.062207098,0.039998806,0.017820364,0.021850094,0.087370526,0.118205427,0.059132563,0.057520671,0.09062416,0.069788962,0.051192502,0.054714785,0.051938748,0.056416226,0.036655622,0.025999224,0.053461091,0.065759231,0.023850034,0.043521089,0.053461091,0.069908361,0.025700725,0.024924629,0.060177308,0.037789917,0.024924629,0.024476881,0.036655622,0.022088893,0.009402704,0.013342885,0.025342527,0.029014059,0.010775798,0.015342826,0.058834065,0.073609743,0.027014119,0.023611235,0.056655025,0.051789499,0.027342467,0.027282768,0.021670995,0.021193397,0.01232799,0.011730993,0.040595803,0.025611176,0.01450703,0.010447449,0.073400794,0.112116056,0.050237306,0.037282469,0.115877138,0.106952031,0.069341214,0.082803498,0.062087699,0.045879227,0.023103788,0.029372258,0.062207098,0.039998806,0.017820364,0.021850094,0.087370526,0.118205427,0.059132563,0.057520671,0.09062416,0.069788962,0.051192502,0.054714785,0.051938748,0.056416226,0.036655622,0.025999224,0.053461091,0.065759231,0.023850034,0.043521089,0.053461091,0.069908361,0.025700725,0.024924629,0.060177308,0.037789917,0.024924629,0.024476881,0.036655622,0.022088893,0.009402704,0.013342885,0.025342527,0.029014059,0.010775798,0.015342826,0.058834065,0.073609743,0.027014119,0.023611235,0.056655025,0.051789499,0.027342467,0.027282768,0.021670995,0.021193397,0.01232799,0.011730993,0.040595803,0.025611176,0.01450703,0.010447449
herpesvirus,0.03018719,0.032181663,0.041385328,0.034487773,0.026655309,0.027133152,0.044896433,0.051607006,0.041863171,0.029958656,0.049176241,0.060623689,0.04427316,0.027195479,0.046059876,0.040304988,0.022292398,0.03087279,0.035381131,0.018677415,0.026322897,0.03141296,0.04211248,0.041011364,0.042174807,0.043982299,0.047618058,0.058068269,0.040367316,0.047721937,0.05619845,0.060769119,0.037811896,0.043234371,0.051357696,0.055907589,0.023455841,0.036503023,0.047971246,0.054640268,0.052001745,0.040118006,0.034820186,0.068622359,0.053102861,0.062472732,0.069681923,0.075914653,0.047950471,0.043753766,0.052645794,0.047929695,0.03101822,0.045810567,0.055492074,0.056697069,0.053123637,0.049882617,0.063947811,0.072735961,0.055388195,0.052728897,0.068871668,0.037978102,0.03018719,0.032181663,0.041385328,0.034487773,0.026655309,0.027133152,0.044896433,0.051607006,0.041863171,0.029958656,0.049176241,0.060623689,0.04427316,0.027195479,0.046059876,0.040304988,0.022292398,0.03087279,0.035381131,0.018677415,0.026322897,0.03141296,0.04211248,0.041011364,0.042174807,0.043982299,0.047618058,0.058068269,0.040367316,0.047721937,0.05619845,0.060769119,0.037811896,0.043234371,0.051357696,0.055907589,0.023455841,0.036503023,0.047971246,0.054640268,0.052001745,0.040118006,0.034820186,0.068622359,0.053102861,0.062472732,0.069681923,0.075914653,0.047950471,0.043753766,0.052645794,0.047929695,0.03101822,0.045810567,0.055492074,0.056697069,0.053123637,0.049882617,0.063947811,0.072735961,0.055388195,0.052728897,0.068871668,0.037978102
,,,,,,,,,,,,,,,,,,,,,,,,,,,,,,,,,,,,,,,,,,,,,,,,,,,,,,,,,,,,,,,,,,,,,,,,,,,,,,,,,,,,,,,,,,,,,,,,,,,,,,,,,,,,,,,,,,,,,,,,,,,,,,,,
,,,,,,,,,,,,,,,,,,,,,,,,,,,,,,,,,,,,,,,,,,,,,,,,,,,,,,,,,,,,,,,,,,,,,,,,,,,,,,,,,,,,,,,,,,,,,,,,,,,,,,,,,,,,,,,,,,,,,,,,,,,,,,,,
Virusas,Dažniausias kodonas,Dažnis,,,,,,,,,,,,,,,,,,,,,,,,,,,,,,,,,,,,,,,,,,,,,,,,,,,,,,,,,,,,,,,,,,,,,,,,,,,,,,,,,,,,,,,,,,,,,,,,,,,,,,,,,,,,,,,,,,,,,,,,,,,,,,
Lactococcus_phage,AAA,0.104802623,,,,,,,,,,,,,,,,,,,,,,,,,,,,,,,,,,,,,,,,,,,,,,,,,,,,,,,,,,,,,,,,,,,,,,,,,,,,,,,,,,,,,,,,,,,,,,,,,,,,,,,,,,,,,,,,,,,,,,,,,,,,,,
KM389305.1 UNVERIFIED: Escherichia phage CBA6 clone,GAA,0.077151239,,,,,,,,,,,,,,,,,,,,,,,,,,,,,,,,,,,,,,,,,,,,,,,,,,,,,,,,,,,,,,,,,,,,,,,,,,,,,,,,,,,,,,,,,,,,,,,,,,,,,,,,,,,,,,,,,,,,,,,,,,,,,,
NC_028697.1 Streptococcus phage A25,AAA,0.089741719,,,,,,,,,,,,,,,,,,,,,,,,,,,,,,,,,,,,,,,,,,,,,,,,,,,,,,,,,,,,,,,,,,,,,,,,,,,,,,,,,,,,,,,,,,,,,,,,,,,,,,,,,,,,,,,,,,,,,,,,,,,,,,
KC821626.1 Cellulophaga phage phi39:1,TTA,0.131439315,,,,,,,,,,,,,,,,,,,,,,,,,,,,,,,,,,,,,,,,,,,,,,,,,,,,,,,,,,,,,,,,,,,,,,,,,,,,,,,,,,,,,,,,,,,,,,,,,,,,,,,,,,,,,,,,,,,,,,,,,,,,,,
coronavirus,TTA,0.084951874,,,,,,,,,,,,,,,,,,,,,,,,,,,,,,,,,,,,,,,,,,,,,,,,,,,,,,,,,,,,,,,,,,,,,,,,,,,,,,,,,,,,,,,,,,,,,,,,,,,,,,,,,,,,,,,,,,,,,,,,,,,,,,
adenovirus,TGG,0.064804005,,,,,,,,,,,,,,,,,,,,,,,,,,,,,,,,,,,,,,,,,,,,,,,,,,,,,,,,,,,,,,,,,,,,,,,,,,,,,,,,,,,,,,,,,,,,,,,,,,,,,,,,,,,,,,,,,,,,,,,,,,,,,,
U18337.1 Variola virus Congo-1965,TAT,0.118205427,,,,,,,,,,,,,,,,,,,,,,,,,,,,,,,,,,,,,,,,,,,,,,,,,,,,,,,,,,,,,,,,,,,,,,,,,,,,,,,,,,,,,,,,,,,,,,,,,,,,,,,,,,,,,,,,,,,,,,,,,,,,,,
herpesvirus,CGG,0.075914653,,,,,,,,,,,,,,,,,,,,,,,,,,,,,,,,,,,,,,,,,,,,,,,,,,,,,,,,,,,,,,,,,,,,,,,,,,,,,,,,,,,,,,,,,,,,,,,,,,,,,,,,,,,,,,,,,,,,,,,,,,,,,,
